Unnamed: 0,date,author,twitter_name,text,number_of_reply,number_of_retweets,number_of_likes,id,sentiment,annotator,annotation_id,created_at,updated_at,lead_time
486,2018-12-11T06:00:02.000Z,Rus-speaking Babyz,@RusBabyzProject,"#bap #baby Открыли четвертый благотворительный проект https://vk.com/event174730844  ""Благотворительный сбор B.A.B.Y. 2019"". Страница для отправки пожертвований в фонд ""Подари жизнь"": https://friends.podari-zhizn.ru/node/2437",0,2,5,487,новости,1,206,2022-07-30T23:13:54.526531Z,2022-07-30T23:13:54.526531Z,5.408
2078,2012-04-16T08:49:23.000Z,Газета Век,@wek_ru,Фонд выдвинут на премию мира?: Основательниц благотворительного фонда «Подари жизнь» Чулпан Хаматову и Дину Корз... http://bit.ly/IQvYEr,0,0,0,2079,позитивные упоминания,1,205,2022-07-30T23:13:46.043989Z,2022-07-30T23:13:46.043989Z,3.735
578,2018-06-03T16:23:43.000Z,Lana Soroka,@svetlana_soroka,"Другие благотворительные фонды: ""Подари жизнь"", ""Поделись теплом"", ""Российский детский фонд"", ""Радость детства"", ""Расправь крылья"", ""Жизнь детям"", ""Неравнодушные сердца"", ""Дети Земли"", ""Солнце в ладошках"",  ""Детские сердца"", ""Счастливый мир"", ""Радуга"", ""Возрождение"", ""Настенька"".",1,0,0,579,позитивные упоминания,1,204,2022-07-30T23:13:42.129066Z,2022-07-30T23:13:42.129066Z,3.034
757,2017-08-25T22:18:50.000Z,Ulanov Yuri,@UlanovYuri,"Фонд Хабенского - около тысячи детишек, получивших помощь. 
Фонд ""Подари жизнь""  - 4544 ребенка. Скольким помог любитель Родины А. Медведев?",1,0,0,758,позитивные упоминания,1,203,2022-07-30T23:13:38.920132Z,2022-07-30T23:13:38.920132Z,5.705
1251,2015-05-29T00:56:51.000Z,Подари Детям Жизнь,@FondPodari,"Фонд перечислил средства для Алины Трофимовой /  / Благотворительный фонд ""Подари детям жизнь"" перечисл.. http://vk.cc/3PTihg",0,0,0,1252,деятельность фонда,1,202,2022-07-30T23:13:33.034236Z,2022-07-30T23:13:33.034236Z,3.738
644,2017-12-30T18:50:19.000Z,Азбука Вкуса,@azbukavkusa,"Продолжаем рассказывать о тех, кто недавно поддержал нашу акцию «Подари жизнь»! Музыкант Алексей Кортнев, певец и шоумен Тимур Родригез, актёр и шоумен Юрий Стоянов 
В рамках акции часть средств от продажи елочных игрушек мы передадим в Фонд «Подари жизнь»!",0,0,0,645,деятельность фонда,1,201,2022-07-30T23:13:29.109036Z,2022-07-30T23:13:29.109036Z,8.194
1942,2012-11-22T19:47:41.000Z,Roomio,@RoomioOrg,Фонд «Подари жизнь» получит от властей Москвы участок под детский хоспис: Мэрия Москвы предоставила благотворите... http://bit.ly/WCZ9pb,0,0,0,1943,новости,1,200,2022-07-30T23:13:20.734456Z,2022-07-30T23:13:20.734456Z,3.212
2324,2022-03-16T10:42:08.000Z,podarizhizn_priut,@PPodarizhizn,"Рыжули

#домашниепитомцы #собаки #подарижизнь #верныйдруг",0,0,0,2325,0,1,199,2022-07-30T23:13:14.449558Z,2022-07-30T23:13:14.449558Z,3.132
175,2021-03-05T09:55:56.000Z,Дождь,@tvrain,"Обращение подписали фонды «Вера», «Подари жизнь», благотворительный фонд Константина Хабенского и другие организации https://tvrain.ru/s/JdH/",16,14,206,176,новости,1,198,2022-07-30T23:13:11.124733Z,2022-07-30T23:13:11.124733Z,8.975
1102,2015-12-16T13:10:28.000Z,Александр Бочаров,@Eiffel82,"Часть сборов от проката в России ""Маленького принца"" получит фонд ""Подари жизнь"": ""История про Маленького Прин... http://bit.ly/1lPl6Rn",0,0,0,1103,деятельность фонда,1,197,2022-07-30T23:13:01.968638Z,2022-07-30T23:13:01.968638Z,4.088
1878,2012-11-23T07:28:43.000Z,ПРИЗЫВ,@prizyv_ru,"Сегодня в Петушинском районе - Чулпан Хаматова и Дина Корзун. Фонд ""Подари жизнь"" празднует 6-й ДР. Вечером - на http://mirtv33.ru",0,0,0,1879,новости,1,196,2022-07-30T23:12:57.680067Z,2022-07-30T23:12:57.680067Z,6.03
1414,2014-11-20T09:48:50.000Z,Никита ,@potapovich_n,"Фонд «Подари жизнь» приглашает на безумное чаепитие - без шляпника, но со шляпой: Благотворительный фонд ""Пода... http://bit.ly/1vrHbHK",0,0,0,1415,новости,1,195,2022-07-30T23:12:45.515038Z,2022-07-30T23:12:45.515038Z,7.315
1331,2015-03-03T01:55:06.000Z,ИА Мангазея,@MngzRu,«МегаФон» и фонд «Подари жизнь» запускают совместный благотворительный проект. http://mngz.ru/russia-world-sensation/1040540-megafon-i-fond-podari-zhizn-zapuskayut-sovmestnyy-blagotvoritelnyy-proekt.html…,0,0,0,1332,новости,1,194,2022-07-30T23:12:38.011475Z,2022-07-30T23:12:38.011475Z,4.795
598,2018-04-28T10:31:58.000Z,Ирина Джиоева,@IrinaJioewa,"26 апреля в ГБОУ Школа№463 состоялась благотворительная акция! Общими усилиями собрано 192000 рублей для передачи в фонд «Подари жизнь»! 

© Ссылка на источник: http://schu463.mskobr.ru/novosti/26_aprelya_v_gbou_shkola_463_sostoyalas_blagotvoritel_naya_akciya/…",0,1,1,599,деятельность фонда,1,193,2022-07-30T23:12:33.039019Z,2022-07-30T23:12:33.039019Z,5.317
2322,2009-11-13T14:18:51.000Z,tech2304,@tech2304,"Новости, Шоу-бизнес :: Фонд «Подари жизнь», журнал «ОК!» и «Азбука Вкуса»: Фонд «Подари жизнь», журнал «ОК!» и .. http://bit.ly/1JRm3x",0,0,0,2323,0,1,192,2022-07-30T23:12:27.536265Z,2022-07-30T23:12:27.536265Z,9.341
682,2017-11-13T17:40:13.000Z,Ulanov Yuri,@UlanovYuri,"Фонд ""Подари жизнь"", помогающий спасать жизни детишек, принципиально не подавал заявок на гранты, а сытые и здоровые великовозрастные детины аж трижды к Путину с протянутой рукой. Сами-то работать не пробовали?",0,0,0,683,деятельность фонда,1,191,2022-07-30T23:12:18.011525Z,2022-07-30T23:12:18.011525Z,14.34
690,2017-11-13T11:54:13.000Z,The New Times,@the_newtimes,"Фонд ""Подари жизнь"" начал принимать криптовалюту https://newtimes.ru/news/detail/127684…",0,4,4,691,новости,1,190,2022-07-30T23:12:03.490058Z,2022-07-30T23:12:03.490058Z,3.392
2079,2012-04-16T08:16:07.000Z,Madina,@Madina_loveu,"http://podari-zhizn.ru/main/node/8409
Фонд ""Подари жизнь"" !!!!!",0,0,0,2080,0,1,189,2022-07-30T23:11:59.913562Z,2022-07-30T23:11:59.913562Z,8.073
1004,2016-05-05T18:58:04.000Z,Тарас Костюк,@ukraineonlinev1,http://mychildvideo.ru/video/6polcmhntlA… Подари детям Жизнь. фильм третий. Аутизм. Фонд ДОМ #news #новости #видео,0,0,0,1005,новости,1,188,2022-07-30T23:11:51.650860Z,2022-07-30T23:11:51.650860Z,11.554
1258,2015-05-23T04:17:48.000Z,Михаил Калашников,@mkalashnikov88,"Благотворительный фонд ""Подари жизнь""
http://podari-zhizn.ru/main",0,0,1,1259,0,1,187,2022-07-30T23:11:39.894012Z,2022-07-30T23:11:39.894012Z,3.671
1409,2014-11-25T17:51:44.000Z,выс,@SvetkaVysokikh,"Дорогие друзья , 26 ноября день рождения фонда  ""Подари жизнь"" ! Фонд приглашает всех принять участие.. http://vk.cc/3cymFI",0,0,0,1410,новости,1,186,2022-07-30T23:11:36.024059Z,2022-07-30T23:11:36.024059Z,7.221
1115,2015-11-25T00:30:06.000Z,Nissim Daniel,@NissimDaniel,"Фонд ""Подари жизнь"" проведет ""Безумное чаепитие"" на коньках",0,0,0,1116,новости,1,185,2022-07-30T23:11:28.629686Z,2022-07-30T23:11:28.629686Z,3.644
2040,2012-07-03T09:53:20.000Z,Жанна Любимова,@DirtyMissis,": Выходит, что ""иностранным агентом можно считать даже фонд Подари жизнь"", заявила эксперт Общественной палаты Н... http://bit.ly/NsiJu6",0,0,0,2041,негативные упоминания,1,184,2022-07-30T23:11:24.803742Z,2022-07-30T23:11:24.803742Z,8.43
420,2019-04-20T16:32:50.000Z,ар2дэ2,@orangevyy,"Михаил Трухин на Даниловском рынке помогал продавать квас.
#ДаниловскийРынок #ФондПодариЖизнь https://instagram.com/p/Bwe_N3cBn4C/?utm_source=ig_twitter_share&igshid=nbzh0ntimac2…",0,0,0,421,0,1,183,2022-07-30T23:11:16.196318Z,2022-07-30T23:11:16.196318Z,7.17
1239,2015-06-10T13:26:00.000Z,Петр Зарубин,@Zarubindt,"Чулпан Хаматова, получившая Госпремию РФ, перечислит все 5 млн рублей в фонд ""Подари жизнь""",0,0,0,1240,деятельность фонда,1,182,2022-07-30T23:11:08.844537Z,2022-07-30T23:11:08.844537Z,9.047
488,2018-12-09T18:56:53.000Z,ар2дэ2,@orangevyy,"Потому что мы банда. 
Мы волонёры #ФондПодариЖизнь",0,0,2,489,позитивные упоминания,1,181,2022-07-30T23:10:59.614243Z,2022-07-30T23:10:59.614243Z,7.641
119,2021-11-26T17:16:08.000Z,Рамблер/,@ramblerru,"В честь своего 15-летия, фонд «Подари жизнь» проводит благотворительный концерт «Не смотри назад» в театре «Современник».

Смотрим концерт вместе с «Рамблером» и Сбером онлайн: https://weekend.rambler.ru/read/47645200?utm_source=rnewstw&utm_medium=social…",0,0,0,120,новости,1,180,2022-07-30T23:10:51.788855Z,2022-07-30T23:10:51.788855Z,4.949
443,2019-03-01T16:24:59.000Z,ар2дэ2,@orangevyy,Мы с Юрий #Волонтёры #ФондПодариЖизнь,0,0,15,444,позитивные упоминания,1,179,2022-07-30T23:10:46.673193Z,2022-07-30T23:10:46.673193Z,10.521
1038,2016-04-01T14:56:07.000Z,Данила Тиховский,@dtikhovskiy,"В Институте красоты Art et beaute состоится сбор средств в фонд ""Подари жизнь""",0,0,0,1039,новости,1,178,2022-07-30T23:10:35.973036Z,2022-07-30T23:10:35.973036Z,19.362
599,2018-04-27T07:25:23.000Z,Пятый канал Новости,@5tv,"Подводим итоги акции  «День Добрых Дел» для  Ксюши Заиграевой.
Всего за один день вы перечислили в фонд  «Подари Жизнь» 18 миллионов 553 тысячи 985 рублей. Этих денег хватит не только на лечение Ксюши, но и других подопечных фонда. Спасибо вам! 
https://5-tv.ru/news/199764/
#добро",0,2,7,600,деятельность фонда,1,177,2022-07-30T23:10:16.421128Z,2022-07-30T23:10:16.421128Z,4.144
217,2020-10-29T08:32:11.000Z,Телеканал Царьград,@tsargradtv,"Ряд российских благотворительных фондов, в числе которых Фонд Константина Хабенского, ""Подари жизнь"", ""ЭНБИ"" и другие, направили президенту России, председателю Совета Федерации и председателю Государственной Думы открытое письмо. ""Мы не можем молча…",0,5,5,218,новости,1,176,2022-07-30T23:10:12.084304Z,2022-07-30T23:10:12.084304Z,7.638
349,2019-09-25T18:18:55.000Z,ًdogey,@vntbrd,"Ребята
Благотворительный проект ко дню рождения Исина
Пожертвования в фонд ""Подари жизнь"" 
https://vk.com/wall-152734216_50077…",1,1,1,350,деятельность фонда,1,175,2022-07-30T23:10:04.261303Z,2022-07-30T23:10:04.261303Z,9.559
2231,2011-04-26T14:56:39.000Z,РИА Новости,@rianru,"Роберто Карлос будет перечислять часть зарплаты в фонд ""Подари жизнь!"" http://bit.ly/expcQx",0,0,1,2232,новости,1,174,2022-07-30T23:09:54.532925Z,2022-07-30T23:09:54.532925Z,4.385
1252,2015-05-27T16:45:36.000Z,Сергей Стёпин,@Sergey_Styepin,"Только на $1млрд, потраченных на 2N-ю резиденцию на мысе Идокопас, Фонд ""Подари жизнь"" @podarizhizn мог бы помочь 300 000 детям
#путинизм",0,8,4,1253,позитивные упоминания,1,173,2022-07-30T23:09:49.966426Z,2022-07-30T23:09:49.966426Z,13.307
334,2019-11-20T08:46:05.000Z,Жанна,@region_78,"""На помощь пришли вы, зрители Пятого канала. Всего за один день вы перечислили в благотворительный фонд «Подари жизнь» 9 867 182 рубля. Этих денег хватит на лечение Саши и на помощь другим подопечным фонда."" https://5-tv.ru/ddd/  ) Добру быть!",0,0,0,335,деятельность фонда,1,172,2022-07-30T23:09:36.481806Z,2022-07-30T23:09:36.481806Z,5.756
137,2021-10-12T12:00:17.000Z,Wonderzine,@Wonderzine,Благотворительный фонд «Подари жизнь» запустил подкаст «Рак happens» об онкологических заболеваниях. Ведущими стали сотрудницы фонда Женя Ванеева и Соня Стринкевич,0,0,4,138,новости,1,171,2022-07-30T23:09:30.535914Z,2022-07-30T23:09:30.535914Z,8.754
1426,2014-11-07T08:20:45.000Z,Пятый канал Новости,@5tv,Фонд «Подари жизнь» собирает средства на лечение Вадима Немыкина из Белгорода. http://5-tv.ru/news/91527/,0,3,0,1427,деятельность фонда,1,170,2022-07-30T23:09:21.594481Z,2022-07-30T23:09:21.594481Z,2.396
1477,2014-07-22T07:03:04.000Z,ParsingNews,@ParsingNews,"Фонд ""Подари жизнь"" и Пятый канал собирают средства на спасение  Насти Алтынник..[fivemusic.ru тчк]",0,0,0,1478,деятельность фонда,1,169,2022-07-30T23:09:19.009119Z,2022-07-30T23:09:19.009119Z,4.457
1071,2016-02-11T07:25:53.000Z,Татьяна Зайцева,@TatianaOzarenie,"Фонд ""Подари жизнь"" приглашает поддержать акцию ""Благотворительность вместо сувениров"" -... http://fb.me/5lueCJyHQ",0,0,0,1072,деятельность фонда,1,168,2022-07-30T23:09:14.372458Z,2022-07-30T23:09:14.372458Z,3.99
991,2016-06-15T15:18:09.000Z,Марина Князева ,@M8neEEe7oUfwPRz,"Им надо собирать как в фонд""Подари жизнь"",кто сколько даст,а деткам их зарплату отдать.Справедливо.",0,0,0,992,позитивные упоминания,1,167,2022-07-30T23:09:10.202036Z,2022-07-30T23:09:10.202036Z,16.001
200,2020-12-27T08:36:18.000Z,"Emerald ""Asura"" Flint | Столп переработок",@Asura_D_Scarlet,"Хорошее дело) Отправил денег в фонд ""Подари жизнь""",0,0,1,201,деятельность фонда,1,166,2022-07-30T23:08:54.023220Z,2022-07-30T23:08:54.023220Z,3.159
1368,2014-12-27T08:59:17.000Z,эшкин,@kopylkovpavl,"В фонд Подари жизнь, 30 процентов на новые материалы(на самом деле на алкоголь и наркотики). В общем приходите, а то меня дети съедят",0,0,0,1369,негативные упоминания,1,165,2022-07-30T23:08:50.685667Z,2022-07-30T23:08:50.685667Z,15.331
1998,2012-11-22T18:28:59.000Z,Сергей Коноваленко,@SKonoval,"Фонд ""Подари жизнь"" получит от властей участок под детский хоспис",0,0,0,1999,новости,1,164,2022-07-30T23:08:35.177163Z,2022-07-30T23:08:35.177163Z,2.884
660,2017-11-28T09:08:15.000Z,Музей В.А. Тропинина,@tropinin_museum,"СЕГОДНЯ #ЩЕДРЫЙВТОРНИК
#ЩедрыйВторник — это Международный день благотворительности, который во второй раз пройдет в России 28 ноября 2017 года.
Предлагаем поддержать Благотворительный фонд ""Подари жизнь"". 
Сумма пожертвования отправляется на короткий номер 6162. Например, ""100"".",0,13,9,661,деятельность фонда,1,163,2022-07-30T23:08:32.108805Z,2022-07-30T23:08:32.108805Z,9.87
1600,2013-12-13T08:14:13.000Z,URPUR,@MMGrostov,"«Билайн» и Благотворительный Фонд «Подари жизнь» представляют ролик «Отправь SMS, подари жизнь» http://rnd.urpur.ru/statya/bilajn-i-blagotvoritelnyj-fond-podari-zhizn-predstavlyayut-rolik-otprav-sms-podari-zhizn/…",0,0,0,1601,новости,1,162,2022-07-30T23:08:22.060094Z,2022-07-30T23:08:22.060094Z,6.541
579,2018-06-03T15:07:24.000Z,Год Экологии,@ecoyear2017,"Экологический фонд «Подари планете жизнь» приглашает волонтёров в ЭКО-ПАТРУЛЬ, который будет проводиться совместно с ФГБУ «Заповедное Прибайкалье» на Байкале этим летом. РЕГИСТРАЦИЯ:",0,0,0,580,0,1,161,2022-07-30T23:08:15.343231Z,2022-07-30T23:08:15.343231Z,7.547
1132,2015-11-20T13:12:50.000Z,7Дней.ru,@7days_ru,В день рождения фонд «Подари Жизнь» устраивает «Безумное чаепитие» http://ift.tt/1X2uVM6,0,0,0,1133,новости,1,160,2022-07-30T23:08:07.614696Z,2022-07-30T23:08:07.614696Z,4.159
764,2017-08-07T15:45:22.000Z,Правмир,@Pravmir,"Используя маму в качестве медицинского прибора, лечить рак невозможно

Почему фонд ""Подари жизнь"" не участвовал в к  http://pravmir.ru/ispolzuya-mamu-v-kachestve-meditsinskogo-pribora-lechit-rak-nevozmozhno/…",0,5,0,765,0,1,159,2022-07-30T23:08:03.257698Z,2022-07-30T23:08:03.257698Z,11.803
700,2017-10-31T11:04:02.000Z,IASPNEWS,@IaspnewsPr,"«Благотворительный «Оскар»: фонд «Подари жизнь» учредил премию: В Москве, в центре… https://goo.gl/fb/w2BsGw",0,0,0,701,новости,1,158,2022-07-30T23:07:51.251606Z,2022-07-30T23:07:51.251606Z,11.754
2016,2012-09-13T20:05:50.000Z,Denis Orlov,@orlov_orlov,@yanarudkovskaya фонд Подари жизнь...,0,0,0,2017,0,1,157,2022-07-30T23:07:39.321938Z,2022-07-30T23:07:39.321938Z,4.152
732,2017-10-03T20:49:16.000Z,Mila Myshkova,@mmousemimi,"Фонд «Подари жизнь» учредили актрисы Дина Корзун и Чулпан Хаматова в 2006 году. 
Он помогает детям с онкогематологическими заболеваниями...",0,0,0,733,позитивные упоминания,1,156,2022-07-30T23:07:34.995097Z,2022-07-30T23:07:34.995097Z,4.069
2354,2019-11-28T08:41:51.000Z,ар2дэ2,@orangevyy,"Около сердца Чулпан #подарижизнь, висит мягкая игрушка созданная руками добровольцев #лизаалерт @TaracasWr и @RyabovaYN, да это та самая игрушка из комплекта который вы создали.
Фото из инстаграмм Чулпан Хаматова и моего личного архива.",2,13,30,2355,позитивные упоминания,1,155,2022-07-30T23:07:30.751751Z,2022-07-30T23:07:30.751751Z,10.293
1830,2012-11-24T08:37:57.000Z,andromarn2799375,@andromarn,"Фонд ""Подари жизнь"" отмечает день рождения: День рождения отмечает благотворительный фонд ""Подари жизнь"". Традиц... http://bit.ly/10KPvQG",0,0,0,1831,новости,1,154,2022-07-30T23:07:20.283040Z,2022-07-30T23:07:20.283040Z,8.611
1641,2013-10-31T10:17:45.000Z,©вятøç▲ав δ,ндαрΞнКО,"Никита Гусаров | Фонд ""Подари жизнь"" http://vk.cc/1Wzr9C",0,0,0,1642,деятельность фонда,1,153,2022-07-30T23:07:11.499433Z,2022-07-30T23:07:11.499433Z,4.588
1352,2015-02-06T11:38:39.000Z,Белла Рубинчик,@bellarubinc,"Сайт отзывов, отзывы, жалобы, пожелания. Фонд Чулпан Хаматовой ""Подари Жизнь"" - культура http://pravogolosa.net/otzyvcategory?page=show_ad&adid=19087&catid=1566… с помощью @pravogolosa.net",0,0,0,1353,0,1,152,2022-07-30T23:07:06.745249Z,2022-07-30T23:07:06.745249Z,10.18
300,2020-02-28T13:01:11.000Z,Fierce в Ташкенте,@daria_firsova,"Государство -- это благотворительный фонд без отчётности. 

Если вам кто-то говорит, что налоги платить вроде как надо, спросите, продолжил бы человек жертвовать, скажем, в ""Подари жизнь"", если бы они не публиковали отчётов, а у Хаматовой внезапно нашли бы личный самолёт.",4,8,27,301,позитивные упоминания,1,151,2022-07-30T23:06:56.394500Z,2022-07-30T23:06:56.394500Z,16.117
2259,2010-12-02T16:09:37.000Z,Алина Савина,@alinka_baby,"Фонд ""Подари жизнь"" признался в вынужденном нарушении закона при ввозе лекарств в РФ: Сотрудница фонда ""Подари ж... http://bit.ly/gJzYmn",0,0,0,2260,новости,1,150,2022-07-30T23:06:40.096725Z,2022-07-30T23:06:40.096725Z,7.944
1732,2013-04-17T20:14:49.000Z,ТАЙСКИЕ СКАЗКИ,@thai_tales,"Кроме того, плачу 75 000 за каждый победный гол Павлюченко в счет фонда Подари Жизнь (Фонд Чулпан Хаматовой).",0,0,0,1733,позитивные упоминания,1,149,2022-07-30T23:06:31.975519Z,2022-07-30T23:06:31.975519Z,5.176
1625,2013-11-26T15:09:10.000Z,Светлана Луханина,@sveta_lukhanina,"Донорская акция и большой торт: как фонд ""Подари жизнь"" отметил семилетие",0,0,0,1626,новости,1,148,2022-07-30T23:06:26.612458Z,2022-07-30T23:06:26.612458Z,3.927
2521,2017-05-08T04:39:10.000Z,Оксана Данилова,@kTJLzWBICbJRSUf,"Арпине Какосян 9 лет. Требуется лечение, Вы можете помочь.
http://helpchildren.online/?id=25989 #Подарижизнь",0,0,0,2522,деятельность фонда,1,147,2022-07-30T23:06:22.515663Z,2022-07-30T23:06:22.515663Z,3.283
257,2020-06-16T13:38:30.000Z,Litvyakov Boris,@watti_ti,"подошли на улице с опросом

*вау флешбеки как я опрашивал людей*

- давай, какая организация проводит опрос
- фонд подари жизнь

*ясно фейк опрос чтобы остановить меня*

- давай сразу перейдем к этапу где ты предлагаешь пожертвовать из дома все равно кеш вы не берете

посмеялись",0,0,1,258,позитивные упоминания,1,146,2022-07-30T23:06:19.047178Z,2022-07-30T23:06:19.047178Z,19.894
1841,2012-11-24T02:57:44.000Z,Natalia,@Natalishka60,"Фонд ""Подари жизнь"" получит от властей участок под детский хоспис http://protilcarco.tumblr.com/post/35997351930…",0,0,0,1842,новости,1,145,2022-07-30T23:05:58.973515Z,2022-07-30T23:05:58.973515Z,3.021
1309,2015-03-14T06:47:09.000Z,Иван Демидов,@ivan_demidoff,"@ntvru Фонд ""Подари жизнь"" просит помочь маленькому Никите Назарову: Маленькому Никите Назаров... http://bit.ly/1AmGeyl #новости",0,0,0,1310,деятельность фонда,1,144,2022-07-30T23:05:55.771345Z,2022-07-30T23:05:55.771345Z,9.142
1387,2014-12-03T01:36:19.000Z,Людмила Дмитриева,@kefusugesy,26 ноября Благотворительный Фонд для детей с тяжелыми онкологическими заболеваниями «Подари жизнь» в Москве празднует восемь лет своей,0,0,0,1388,новости,1,143,2022-07-30T23:05:46.453113Z,2022-07-30T23:05:46.453113Z,7.291
2109,2012-04-09T17:49:20.000Z,Радио Свобода,@SvobodaRadio,"@Koresch11 ""Зрители поддержали Хаматову и в ее лице – Фонд ""Подари жизнь"". .. Хорошо, что не фонд ""Федерация"" :)) http://svobodanews.ru/content/article/24530059.html…",0,0,0,2110,позитивные упоминания,1,142,2022-07-30T23:05:38.948333Z,2022-07-30T23:05:38.948333Z,12.028
1652,2013-10-08T15:32:44.000Z,Пятый канал Новости,@5tv,"Помочь просто. Смс на 6162. Фонд «Подари жизнь» собирает деньги для спасения Амины Золоевой. 
http://5-tv.ru/news/76412/",0,1,0,1653,деятельность фонда,1,141,2022-07-30T23:05:26.742471Z,2022-07-30T23:05:26.742471Z,7.645
1646,2013-10-30T19:35:48.000Z,АРТЕМ КЛЮШИН ,@ARTEM_KLYUSHIN,"Все средства пойдут в фонд «Подари жизнь», учрежденный актрисами Чулпан Хаматовой и Диной Корзун и спасут жизни тяжело больным детям..,",0,157,1,1647,позитивные упоминания,1,140,2022-07-30T23:05:18.917501Z,2022-07-30T23:05:18.917501Z,8.542
1624,2013-11-26T15:10:17.000Z,Artyom Makhmuryan,@amakhmuryan,"Донорская акция и большой торт: как фонд ""Подари жизнь"" отметил семилетие http://dlvr.it/4P46PC",0,0,0,1625,новости,1,139,2022-07-30T23:05:10.203965Z,2022-07-30T23:05:10.204965Z,5.313
1029,2016-04-02T00:04:08.000Z,SemeoN,@ekpersone,В Институте красоты Art et beaute состоится сбор средств в фонд «Подари жизнь»,0,0,0,1030,новости,1,138,2022-07-30T23:05:04.719700Z,2022-07-30T23:05:04.719700Z,10.304
1738,2013-04-17T16:23:04.000Z,ФК Локомотив Москва,@fclm_news,Василий Уткин: «Плачу в фонд «Подари жизнь&raquo 75 тысяч рублей за каждый победный гол Павлюченко»: Главный р... http://bit.ly/13i7pPp,0,1,0,1739,позитивные упоминания,1,137,2022-07-30T23:04:54.232444Z,2022-07-30T23:04:54.232444Z,8.549
1767,2013-01-14T17:28:52.000Z,Finparty,@Finparty,"Фонд «Подари жизнь» @podarizhizn провел аукцион в Лондоне
http://finparty.ru/section/blagotvoritelnost/17522/…",0,0,0,1768,новости,1,136,2022-07-30T23:04:45.504096Z,2022-07-30T23:04:45.504096Z,3.198
1952,2012-11-22T19:37:34.000Z,Марта Дехтерева,@hackakaamh,"Фонд ""Подари жизнь"" получит от властей участок под детский хоспис: Мэрия Москвы предоставила благотворительному ... http://bit.ly/XGKr1O",0,0,0,1953,новости,1,135,2022-07-30T23:04:42.129470Z,2022-07-30T23:04:42.129470Z,3.235
696,2017-11-13T09:44:14.000Z,V Z - Взгляд,@vzglyad,Фонд «Подари жизнь» начал принимать биткоины в качестве пожертвований https://vz.ru/news/2017/11/13/895006.html…,0,3,2,697,новости,1,134,2022-07-30T23:04:38.717971Z,2022-07-30T23:04:38.717971Z,4.072
2363,2019-02-26T18:32:15.000Z,Виктор Тейдев,@ViktorTeidev," Сборник «Избранное». Авторы в силу своих возможностей на безвозмездной основе оказывают искреннюю поддержку в пользу подопечных благотворительного фонда ""Подари жизнь"". Ознакомиться и приобрести можно по этой ссылке: https://ridero.ru/books/izbrannoe_36/… #подарижизнь #виктортейдев",0,0,0,2364,позитивные упоминания,1,133,2022-07-30T23:04:34.464454Z,2022-07-30T23:04:34.464454Z,12.652
462,2019-01-17T14:31:38.000Z,39,@wakeupdrunk39,"Все вырученные средства пойдут в благотворительный фонд «Подари Жизнь» 
До встречи! 
https://vk.com/wall-163614434_213…",0,1,38,463,позитивные упоминания,1,132,2022-07-30T23:04:21.638877Z,2022-07-30T23:04:21.638877Z,3.145
1663,2013-09-09T06:38:08.000Z,УФСИН Бурятии,@uisburyatia,"Благотворительный фонд при Улан-Удэнской и Бурятской Епархии ""Подари мне жизнь"" посетил колонию–поселение №3 http://03.fsin.su/news/detail.php?ELEMENT_ID=100384…",0,0,0,1664,новости,1,131,2022-07-30T23:04:18.316749Z,2022-07-30T23:04:18.316749Z,6.476
169,2021-04-07T15:24:00.000Z,Афиша Daily,@afisha,"Фонд «Подари жизнь» построит в усадьбе «Измалково» пансионат для детей, лечащихся от рака. Строительство начнется в июле этого года.",0,0,3,170,новости,1,130,2022-07-30T23:04:11.665441Z,2022-07-30T23:04:11.665441Z,4.844
959,2016-10-30T10:16:12.000Z,Виталий Матросов,@vit_matrosov,"Тренинг ""Управление конфликтом"" @ Семинар ""Благотворительность против рака"" @ Фонд ""Подари жизнь"" @ Москва",0,0,0,960,0,1,129,2022-07-30T23:04:06.654773Z,2022-07-30T23:04:06.654773Z,5.011
1723,2013-05-21T14:12:02.000Z,Фенюшка,@bk258,"@pchikov фонд""подари жизнь"" могут признать иностранным агентом?",1,0,0,1724,негативные упоминания,1,127,2022-07-30T23:03:39.025422Z,2022-07-30T23:03:39.025422Z,3.459
1576,2014-01-31T14:25:05.000Z,Вести,@vesti_ru,"Фонд ""Подари жизнь"" предупредил о мошенниках http://ru.1001hls.com/r2848525",0,0,0,1577,новости,1,126,2022-07-30T23:03:35.393514Z,2022-07-30T23:03:35.393514Z,2.893
2283,2010-11-02T11:10:10.000Z,За рулем,@zr_ru,"Kia поддержала фонд ""Подари жизнь"" http://www.zr.ru/a/263405",0,0,0,2284,позитивные упоминания,1,125,2022-07-30T23:03:32.329535Z,2022-07-30T23:03:32.329535Z,3.081
54,2022-04-23T13:08:02.000Z,Таtyana Afanasyevskaya,@M8R01rWI8F4uHTG,"73000 детей получили помощь фонда ""Подари жизнь"". Это святое дело. Поддерживала-не поддерживала.. Последнее дело - таких людей осуждать. Надеюсь, фонд будет работать дальше, не смотря ни на что.",6,1,38,55,позитивные упоминания,1,124,2022-07-30T23:03:29.065633Z,2022-07-30T23:03:29.065633Z,5.58
189,2021-02-03T10:46:59.000Z,Egor Belikov,@dj_ling,"Кроме твоих, у меня ещё овд-инфо, спид-центр, фонд рылькова, подари жизнь и прочие, им деньги нужны не меньше и постоянно, а не только в момент острой политической позиции",1,0,8,190,позитивные упоминания,1,123,2022-07-30T23:03:23.296198Z,2022-07-30T23:03:23.296198Z,7.195
1845,2012-11-24T02:03:44.000Z,Georg Gelfus,@georggelfus,"Фонд ""Подари жизнь"" получит от властей участок под детский хоспис http://tarcgamoro.tumblr.com/post/35998886059…",0,0,0,1846,новости,1,122,2022-07-30T23:03:15.927285Z,2022-07-30T23:03:15.927285Z,3.629
788,2017-06-02T13:46:01.000Z,Волонтёры РГСУ,@Volunteerrgsu,"Фонд Чулпан Хаматовой ""Подари жизнь"" /  / Чулпан Хаматова - российская актриса театра и кино, заместит.. https://vk.cc/6IuiaP",0,0,0,789,позитивные упоминания,1,121,2022-07-30T23:03:12.112440Z,2022-07-30T23:03:12.112440Z,4.055
1497,2014-06-22T13:43:17.000Z,hggggg,@ivangordons,"Готовил косплейщиков на ""Игры Победителей"" для детей перенесших онкозаболевания, Фонд ""Подари Жизнь""… http://instagram.com/p/pjGXx6DDed/",0,0,0,1498,позитивные упоминания,1,120,2022-07-30T23:03:07.885136Z,2022-07-30T23:03:07.885136Z,9.584
2008,2012-10-25T10:47:14.000Z,Большие и Маленькие,@BiM_News,Тверитян приглашают на благотворительный концерт «Подари им жизнь»: Фонд добрых дел продолжает серию акций по сб... http://bit.ly/RHuWjh,0,0,0,2009,новости,1,119,2022-07-30T23:02:58.125217Z,2022-07-30T23:02:58.125217Z,5.106
2171,2011-12-20T07:37:23.000Z,Дмитрий Рудаков,@Rudakov81,"Дети ждут подарки | Фонд ""Подари жизнь"" http://vk.cc/u6Qmc",0,0,0,2172,новости,1,118,2022-07-30T23:02:52.839126Z,2022-07-30T23:02:52.839126Z,7.617
378,2019-07-16T11:55:13.000Z,Igor Gukovsky,@jstoruser,"Фонд ""Подари жизнь"", как мило.",2,1,10,379,позитивные упоминания,1,117,2022-07-30T23:02:45.045297Z,2022-07-30T23:02:45.045297Z,4.142
790,2017-06-01T10:43:34.000Z,Твоя Москва,@tvoyamoskva,"Фонд ""Подари жизнь""

Цель - помощь детям с онкогематологическими и иными тяжелыми заболеваниями.

Фонд ""Детские сердца"".
ЦЕЛЬ...",0,0,0,791,новости,1,116,2022-07-30T23:02:40.722112Z,2022-07-30T23:02:40.722112Z,11.548
1926,2012-11-23T00:14:32.000Z,Roy Jon#4,@jon_4,"news/yandex# Фонд ""Подари жизнь"" получит участок под детский хоспис http://goo.gl/fb/aP6PG",0,0,0,1927,новости,1,115,2022-07-30T23:02:28.989145Z,2022-07-30T23:02:28.989145Z,4.331
677,2017-11-14T11:03:56.000Z,евгений,@EvgenVerxoturov,Детский благотворительный фонд «Подари жизнь» практикует приём биткоинов через американских партнёров. Об этом... http://fb.me/H2hQwyqO,0,0,0,678,новости,1,114,2022-07-30T23:02:24.472715Z,2022-07-30T23:02:24.472715Z,6.164
1013,2016-04-20T05:37:27.000Z,Светлана Старкова,@starkovasvetlan,член Общес.палаты Вероника Крашенинникова призвала фонд «Подари жизнь» и др.благотворителей «не прикрываться детьми».http://vedomosti.ru/politics/articles/2016/04/19/638207-deputati-blagotvoritelei…,0,0,0,1014,негативные упоминания,1,113,2022-07-30T23:02:18.126101Z,2022-07-30T23:02:18.126101Z,4.451
37,2022-04-26T13:09:28.000Z,Irina Mig,@Irina__Mig,"Дебиторская задолженность фонда «Подари жизнь», известного как фонд актрисы Чулпан Хаматовой, за 2021 год составила более одного миллиарда рублей.",0,0,0,38,негативные упоминания,1,112,2022-07-30T23:02:13.494043Z,2022-07-30T23:02:13.494043Z,2.58
36,2022-04-26T15:11:55.000Z,369777,@ats369777,"Сбежавшая в Латвию российская актриса Чулпан Хаматова множила свой капитал, прокручивая через банковские счета пожертвованные в фонд «Подари жизнь» деньги, вместо того чтобы тратить средства по назначению — на нужды больных детей.",0,1,1,37,негативные упоминания,1,111,2022-07-30T23:02:01.297847Z,2022-07-30T23:02:01.297847Z,2.939
35,2022-04-26T17:41:47.000Z,Татьяна Фёдорова,@maritima77,"Где деньги, Зин?
Дебиторская задолженность фонда «Подари жизнь», известного как фонд актрисы Чулпан Хаматовой, за 2021 год составила более одного миллиарда рублей.",0,0,0,36,негативные упоминания,1,110,2022-07-30T23:01:58.186562Z,2022-07-30T23:01:58.186562Z,2.628
34,2022-04-26T18:05:36.000Z,Вячеслав,@Slavam1767,"Чулпан Хаматова множила свой капитал, прокручивая через банковские счета пожертвованные в фонд «Подари жизнь» деньги, вместо того чтобы тратить средства по назначению- на нужды больных детей. Кроме того, артистка подозревается в махинациях с российскими государственными деньгами.",0,0,0,35,негативные упоминания,1,109,2022-07-30T23:01:55.381681Z,2022-07-30T23:01:55.381681Z,3.077
33,2022-04-26T23:47:17.000Z,Azat Karimov,@AzatKarimovA,Все оказалось пошло до банальности. Фонд «Подари [мне хорошую] жизнь» кинул благодетелей и детей России на 1 ярд рублей.,0,1,1,34,негативные упоминания,1,108,2022-07-30T23:01:52.127735Z,2022-07-30T23:01:52.127735Z,6.62
32,2022-04-27T01:42:01.000Z,Vera Rashutina,@Vera_Rashutina,"Дебиторская задолженность фонда «Подари жизнь», известного как фонд актрисы Чулпан Хаматовой, за 2021 год составила более одного миллиарда рублей.",0,0,0,33,негативные упоминания,1,107,2022-07-30T23:01:45.286451Z,2022-07-30T23:01:45.286451Z,11.283
2456,2017-05-08T16:26:05.000Z,Тамара Орлова,@skk0iwv7oVoadh7,"Зухра Хакимова 2 года. Требуется лечение, Вы можете помочь.
http://helpchildren.online/?id=28891 #Подарижизнь",0,0,0,2457,деятельность фонда,1,67,2022-07-29T23:20:08.225967Z,2022-07-30T11:37:35.364358Z,6.02
2423,2017-05-08T19:31:34.000Z,Алёна Ковалева,@r3CwuwzZxcFTHYT,"Арпине Какосян 9 лет. Требуется лечение, Вы можете помочь.
http://helpchildren.online/?id=25989 #Подарижизнь",0,0,0,2424,деятельность фонда,1,83,2022-07-29T23:22:28.116954Z,2022-07-30T11:37:31.079056Z,8.693
2366,2018-12-10T09:32:10.000Z,Музыка,@Muzblka_,"Уже выкладывала, но очень хочется ещё. Добровольцы - фанаты своего дела #дубльдва #ЛизаАлерт #подарижизнь",0,1,5,2367,позитивные упоминания,1,48,2022-07-29T23:12:42.904529Z,2022-07-30T11:37:25.674927Z,14.077
2353,2019-12-28T07:08:07.000Z,VALERIYA,@valeriya_rus,"Друзья, хочу напомнить вам, что вы все еще можете сделать этот мир добрее в такое сказочное предновогоднее время! Приходите в любой магазин сети #Лента , покупайте продукты-участники акции, и 5 рублей с каждой покупки мы переведем в фонд #подарижизнь
https://instagram.com/p/B6lV7KrI4ie/",0,4,18,2354,позитивные упоминания,1,68,2022-07-29T23:20:49.056355Z,2022-07-30T11:37:18.584635Z,15.917
2347,2020-02-29T15:24:34.000Z,БогиХО ◤EXO CIS FANBASE◢,@exo_bogixo,"Напоминаем, что БогиХО вместе с фондом «Подари жизнь» проводят проект от имени CIS EXO-L, посвящённый 8-летию EXO!

Давайте поддержим подопечных фонда: https://friends.podari-zhizn.ru/node/8237

Любая ваша помощь ценится, не проходите мимо 
#подарижизнь @podarizhizn #EXO @weareoneEXO",0,13,16,2348,новости,1,34,2022-07-29T23:10:14.207742Z,2022-07-30T11:37:04.082704Z,24.442
2333,2021-04-26T15:53:28.000Z,"ГБУ ""ГлавАПУ""",@glavapu,"Сегодня в @glavapu прошла акция «День донора», проведенная совместно с фондом «Подари жизнь»и Центром крови ФМБА России.

Делимся с вами кадрами, как все прошло.
#главапу #glavapu #мка #Деньдонора_ГлавАПУ #акция #Подарижизнь #Службакрови",0,0,19,2334,новости,1,33,2022-07-29T23:09:59.485781Z,2022-07-30T11:36:51.202320Z,16.841
2293,2010-09-20T13:53:22.000Z,Earl,@rkyjheyyearlv,Фонд «Подари жизнь» провел благотворительный спектакль для детей http://bit.ly/dvVFil,0,0,0,2294,новости,1,76,2022-07-29T23:21:43.949763Z,2022-07-30T11:36:43.336255Z,9.062000000000001
2287,2010-09-23T09:20:21.000Z,Mila Ermolaeva,@MilaErmolaeva,"РеспектRT @roma_kenga: Рома Кенга и фонд Ч Хаматовой ""ПОДАРИ ЖИЗНЬ"" http://bit.ly/a6ajrO",0,0,0,2288,0,1,63,2022-07-29T23:19:09.364853Z,2022-07-30T11:36:37.415682Z,17.308
2216,2011-06-14T09:45:16.000Z,Марина Безрученко,@threeton_ru,"""Metro КЭШ ЭНД КЕРРИ"", ""UNILEVER"" и фонд ""Подари жизнь"" собрали 1 746 249 рублейдля детского гематологического ц... http://bit.ly/k3RV5B",0,0,0,2217,деятельность фонда,1,81,2022-07-29T23:22:19.513171Z,2022-07-30T11:36:29.664021Z,13.567
2207,2011-08-27T19:02:50.000Z,Детская Новая волна,@newwavejunior,"Johnson & Johnson и фонд ""Подари жизнь"" помогут детям с диагнозом ""рак"": Компания Johnson & Johnson совместно с ... http://bit.ly/q5Lpxm",0,0,0,2208,новости,1,101,2022-07-29T23:24:48.834957Z,2022-07-30T11:36:23.169642Z,9.661999999999999
2190,2011-12-06T08:09:04.000Z,Alexey Stysin,@stysin,"Такое мерзкое ощущение от выборов, что как будто отмыться не могу. Отправил 1000 целковых в фонд Подари Жизнь.",0,0,0,2191,позитивные упоминания,1,86,2022-07-29T23:22:54.079225Z,2022-07-30T11:36:15.029096Z,15.913
2081,2012-04-15T12:29:43.000Z,MustReadNewsRu,@MustReadNewsRu,"Михаил Горбачев обещает выдвинуть Дину Корзун, Чулпан Хаматову и фонд ""Подари жизнь"" на соискание Нобелевской пр... http://bit.ly/IMHnVJ",0,0,0,2082,позитивные упоминания,1,92,2022-07-29T23:23:34.720766Z,2022-07-30T11:36:08.392850Z,12.96
2052,2012-07-02T12:04:47.000Z,Lena,@Demetra_ll,"Фонд ""Подари жизнь"" назначат ""иностранным агентом"" http://goo.gl/fb/M94A6 #followback",0,0,0,2053,негативные упоминания,1,102,2022-07-29T23:24:53.363858Z,2022-07-30T11:36:01.989447Z,8.033
2051,2012-07-02T12:19:48.000Z,LiveJournal Россия,@livejournalru,"Фонд ""Подари жизнь"" назначат ""иностранным агентом"" http://bit.ly/QTXGFo #LiveJournal",0,0,0,2052,негативные упоминания,1,88,2022-07-29T23:23:08.460352Z,2022-07-30T11:35:57.310782Z,10.128
2030,2012-07-09T10:55:01.000Z,Хамар Ял,@hamaryal,"С 9 по 15 июля проходит акция ""Подари мне жизнь!"": С 9 по 15 июля 2012 года Фонд социально-культурных инициатив ... http://bit.ly/NTRby0",0,0,0,2031,новости,1,77,2022-07-29T23:21:52.005759Z,2022-07-30T11:35:51.410127Z,14.491999999999997
1980,2012-11-22T19:32:21.000Z,МОСЛИФТ,@moslift,"Фонд ""Подари жизнь"" получит от властей участок под детский хоспис http://ria.ru/society/20121122/911843297.html… с помощью @rianru",0,0,0,1981,новости,1,97,2022-07-29T23:24:12.284110Z,2022-07-30T11:35:43.560670Z,5.816
1933,2012-11-22T23:22:48.000Z,Daria Gaponova,@DariaGaponova,"Фонд ""Подари жизнь"" получит от властей участок под детский хоспис http://candhadime.tumblr.com/post/35984696357…",0,0,0,1934,новости,1,79,2022-07-29T23:22:04.749368Z,2022-07-30T11:35:37.918491Z,9.833
1905,2012-11-23T01:09:34.000Z,egor mashin,@exciter1977,Фонд &quot;Подари жизнь&quot; получит участок под детский хоспис,0,0,0,1906,новости,1,89,2022-07-29T23:23:12.577176Z,2022-07-30T11:35:32.993885Z,10.911
1886,2012-11-23T05:03:53.000Z,Azada,@Azadasya,"Фонд Чулпан Хаматовой ""Подари жизнь"" выберет участок для строительства детского хосписа в Москве - Interfax Russ... http://bit.ly/UuAj6A",0,0,0,1887,новости,1,62,2022-07-29T23:18:58.657258Z,2022-07-30T11:35:24.318594Z,10.489
1838,2012-11-24T04:00:20.000Z,Вася Пяточкин,@fgnndgfngcn,"Фонд ""Подари жизнь"" получит от властей участок под детский хоспис http://cambpurrhormiff.tumblr.com/post/35997450794…",0,0,0,1839,новости,1,65,2022-07-29T23:19:20.991167Z,2022-07-30T11:35:17.836301Z,11.326
1811,2012-11-27T13:05:56.000Z,Новости Lenta.Ru,@LentaNovosti,"#novosti #Russia Фонд ""Подари жизнь"" предупредил о мошенниках в соцсетях: Фонд ""Подари жизнь"", п... http://bit.ly/10O43zM #новости",0,1,0,1812,новости,1,64,2022-07-29T23:19:13.953138Z,2022-07-30T11:35:12.387507Z,8.443999999999999
1722,2013-05-24T16:24:15.000Z,Сергей Д,@sd0107,"Карта Сбербанка подари жизнь. 0,3% мы перечислим в фонд. Ну блин, мне уралсиб больший процент на телефон кидает по карте. Жадный сбер.",4,9,1,1723,позитивные упоминания,1,100,2022-07-29T23:24:42.642888Z,2022-07-30T11:35:07.137612Z,21.951999999999998
1690,2013-07-05T13:09:52.000Z,Kashin,Kashin,"@aleshru Почему единственное? Фонд ""Подари жизнь"" еще есть.",4,0,3,1691,позитивные упоминания,1,53,2022-07-29T23:13:34.083263Z,2022-07-30T11:34:57.600394Z,8.456
1590,2014-01-14T17:08:31.000Z,Твиттерянка,@Fotiniya_T,"Старый Новый год в Лондоне Благотворительный аукцион и фонд ""Подари жизнь"" http://podari-zhizn.ru/main/node/17972#.UtVsUIe08vY.twitter…",0,0,0,1591,новости,1,71,2022-07-29T23:21:17.794856Z,2022-07-30T11:34:51.985994Z,17.586
1567,2014-02-04T15:38:49.000Z,iryna sakhno,@IrynaSakhno,"Наш ответ Чембырлену ;)

Фонд Подари жизнь: После вчерашних заявлений главного детского онколога Полякова о... http://fb.me/2WL0N9pBl",0,0,0,1568,новости,1,69,2022-07-29T23:20:55.973822Z,2022-07-30T11:34:46.637019Z,12.469000000000001
1504,2014-06-02T17:37:36.000Z,KirkorovPhilip74club,@Philip_fan74,@fkirkorov #ФилиппКиркоров наКонцертеВ #деньзащитыдетей #фондподарижизнь фото: @UKVolkswagen https://facebook.com/amarok2014,0,4,2,1505,новости,1,56,2022-07-29T23:14:28.842302Z,2022-07-30T02:55:19.485490Z,17.82
1478,2014-07-22T06:58:06.000Z,ParsingNews,@ParsingNews,Фонд Подари жизнь совместно с Пятым каналом собирает средства на спасение  Насти Алтынник..[fivemusic.ru тчк],0,0,0,1479,деятельность фонда,1,82,2022-07-29T23:22:23.529198Z,2022-07-30T02:55:13.463472Z,6.442
1407,2014-11-26T09:36:41.000Z,Receptor,@ReceptorFood,"Мы поздравляем Фонд @podarizhizn ""Подари Жизнь"" с днем рождения!  / Сегодня в течение всего дня в До.. http://vk.cc/3cFyB8",0,0,0,1408,позитивные упоминания,1,73,2022-07-29T23:21:29.408984Z,2022-07-30T02:55:09.980778Z,10.2
1363,2015-01-13T16:48:57.000Z,TJ,@tjournal,Создатели «Левиафана» направят деньги от пожертвований в фонд «Подари жизнь» Чулпан Хаматовой,0,16,9,1364,позитивные упоминания,1,39,2022-07-29T23:11:02.184215Z,2022-07-30T02:55:05.435749Z,9.308
1359,2015-01-14T12:00:28.000Z,Aleksandrs Nosovs,@alexnosov,"Почему делать добрые дела — это хорошо? Фонд «Подари жизнь» — тому подтверждение! 

http://blog.aviasales.ru/podari-zhizn/",0,0,0,1360,позитивные упоминания,1,84,2022-07-29T23:22:33.418753Z,2022-07-30T02:55:00.463445Z,9.72
1330,2015-03-03T04:17:59.000Z,Новости Саратова,@saratovnews777,"«МегаФон» и фонд «Подари жизнь» запускают совместный благотворительный проект #Саратов
http://saratov-news.net/other/2015/03/02/85245.html…",0,0,0,1331,новости,1,66,2022-07-29T23:19:26.436506Z,2022-07-30T02:54:18.415724Z,10.54
1137,2015-11-11T11:20:22.000Z,Настя Солнышко,@nsun17,"Фонд ""Подари жизнь"" и ""ТВ Центр"" собирают средства на спасение 10-летнего Ромы Вельмезева :: Новости :: ТВ Цен... http://bit.ly/1kMd4aA",0,0,0,1138,деятельность фонда,1,93,2022-07-29T23:23:40.449494Z,2022-07-30T02:54:12.338111Z,7.306
1086,2015-12-31T09:16:16.000Z,Лим Артур,@artur3474,"Пятый канал и фонд ""Подари жизнь"" собирают деньги на спасение годовалого Даниила Чеботаря http://5-tv.ru/news/103368/",0,0,0,1087,деятельность фонда,1,99,2022-07-29T23:24:28.937065Z,2022-07-30T02:54:09.608988Z,6.005000000000001
1021,2016-04-11T09:19:50.000Z,TVC News,@tvcplus,"Фонд ""Подари жизнь"" и ""ТВ Центр"" собирают средства на спасение Лизы Крупновой. http://tvc.ru/news/show/id/90155…",0,0,0,1022,деятельность фонда,1,95,2022-07-29T23:23:51.833078Z,2022-07-30T02:54:06.140836Z,7.252000000000001
1018,2016-04-19T05:13:32.000Z,Marina Litvinovich,@abstract2001,Член Общественной палаты Вероника Крашенинникова призвала фонд «Подари жизнь» и других благотворителей «не прикрываться детьми»,7,35,8,1019,негативные упоминания,1,41,2022-07-29T23:11:25.432947Z,2022-07-30T02:54:01.674744Z,13.978
887,2017-02-21T05:08:51.000Z,юнгеш|Днюха,@pabo_tvt,"#BTSで妄想
АРМИ,НЕ ПРОХОДИТЕ МИМО
YNWA ФОНД ""Подари жизнь""
https://friends.podari-zhizn.ru/node/1260
ХОТЯ БЫ РУБЛЕЙ ПО 10-20 ПОЛОЖИТЕ,ОТ НАС ЗАВИСИТ ЖИЗНЬ ДЕТЕЙ♡",1,2,31,888,0,1,32,2022-07-29T23:09:48.350553Z,2022-07-30T02:53:53.398988Z,12.915
869,2017-03-27T10:10:32.000Z,ТВ Центр,@tvc_ru,"Фонд ""Подари жизнь"" и ""ТВ Центр"" собирают средства на лечение Ромы Соловова http://ru.1001hls.com/r5507616",0,0,0,870,деятельность фонда,1,72,2022-07-29T23:21:22.722602Z,2022-07-30T02:53:47.819606Z,9.386
866,2017-04-02T03:54:11.000Z,Илья Кошлюнов,@ilya_bur,Фонд «Подари мне жизнь» приглашает все многодетные семьи принять участие в фотоконкурсе «МЫ – опора будущего» http://dlvr.it/NnBWpk,0,0,0,867,новости,1,78,2022-07-29T23:21:58.636220Z,2022-07-30T02:53:42.192934Z,9.686
848,2017-04-25T07:56:26.000Z,Катя Филимонова,@dbaEonbwk9TAYKt,Фонд «Подари жизнь» проводит флешмоб #донорыдетям http://dlvr.it/Nghf6z,0,0,0,849,новости,1,104,2022-07-29T23:25:02.920316Z,2022-07-30T02:53:37.955123Z,5.438000000000001
812,2017-04-26T18:53:49.000Z,Елена Логинова,@pJKJFTEEACYuDqj,Фонд «Подари жизнь» проводит флешмоб #донорыдетям http://dlvr.it/Nghf6z,0,0,0,813,новости,1,94,2022-07-29T23:23:47.902956Z,2022-07-30T02:53:34.572892Z,10.107
760,2017-08-23T11:25:58.000Z,Dr. Sujit K. Das,@Sudzhit,"Лучшее она отдала эту сумму в фонд ""подари жизнь""!",2,1,11,761,позитивные упоминания,1,35,2022-07-29T23:10:23.785851Z,2022-07-30T02:53:30.770593Z,8.049
740,2017-09-29T07:50:29.000Z,Сиб.фм,@sibfm,"В Красноярске есть свой фонд «Подари жизнь». И теперь он должен денег московскому. Подробности в материале

https://sib.fm/news/2017/09/29/sud-objazal-krasnojarskogo-dvojnika-fonda-vyplatit-kompensaciju…",0,2,3,741,новости,1,52,2022-07-29T23:13:28.941438Z,2022-07-30T02:53:26.537360Z,19.572
689,2017-11-13T12:08:05.000Z,Криптовалюта без вложений,@FreeCrypTOP,Партнерский фонд «Подари жизнь» в США начал принимать криптовалюты http://ift.tt/2mlQUlv,0,0,0,690,новости,1,103,2022-07-29T23:24:59.726172Z,2022-07-30T02:53:13.159488Z,9.382
550,2018-08-02T03:28:38.000Z,Алексей Шутов,@shutov82,"Дорогие друзья, не теряйте. Москва. 2-6 августа. Улетел волонтёрить на Всемирных детских играх победителей - это спортивные состязания для детей, перенесших онкологические заболевания, которые с 2010 года ежегодно проводит благотворительный фонд ""Подари жизнь"".",0,0,0,551,новости,1,85,2022-07-29T23:22:43.747913Z,2022-07-30T02:53:08.739463Z,21.851999999999997
498,2018-12-03T08:44:13.000Z,ФФ РГГУ,@ff_rggu,"20 декабря в холле перед 227 ауд. пройдет Благотворительная ярмарка #РГГУ в стиле #ГарриПоттер'а. Все вырученные средства будут переданы в фонд ""Подари жизнь"" на лечение детей с тяжёлыми заболеваниями.   https://instagram.com/rsuh_charity_fair/…",0,1,4,499,новости,1,49,2022-07-29T23:12:51.610329Z,2022-07-30T02:52:55.877182Z,11.135
466,2018-12-21T09:49:26.000Z,Пятый канал Новости,@5tv,Благодарим всех наших неравнодушных зрителей и подписчиков за участие в акции #ДеньДобрыхДел для Насти Осиповой. У девочки — тяжелое заболевание кроветворной системы. Всего за один день вы перечислили в фонд «Подари жизнь» 10 240 472 рубля на лечение ребенка. Спасибо вам!,1,1,6,467,деятельность фонда,1,46,2022-07-29T23:12:16.705925Z,2022-07-30T02:52:51.473044Z,19.414
442,2019-03-01T17:26:26.000Z,ар2дэ2,@orangevyy,"Маленькие мечты сбываются.
Пожал руку Артуру Смольянинову. Спасибо #ФондПодариЖизнь за такую возможность.",0,0,6,443,позитивные упоминания,1,45,2022-07-29T23:12:03.956427Z,2022-07-30T02:52:42.506551Z,12.487
439,2019-03-12T19:19:48.000Z,нерозан,@nerozanv,"Неделю назад ко мне обратился человек по раскрутке счета.
Перечислил 40.000₽ и пропал. Реквезитов не оставил.
Обусловились, что на сумме в 200.000₽ закончим.
Раскрутил счет.

В общем, если до 21:00 завтрашнего дня человек не объявится - высылаю всю сумму в фонд ""Подари жизнь"".",0,0,3,440,позитивные упоминания,1,51,2022-07-29T23:13:20.735147Z,2022-07-30T02:52:38.165135Z,23.62
413,2019-05-01T09:56:39.000Z,Елена Берс,@Elena_Bers,"Меня впервые царапнуло по сердцу, когда фонд Подари жизнь везде и всюду стал называться фондом Хаматовой, хотя создан он совсем другим человеком, о котором теперь скромная заметка на сайте.",1,4,7,414,негативные упоминания,1,43,2022-07-29T23:11:49.483348Z,2022-07-30T02:52:33.047797Z,18.225
385,2019-07-05T15:35:15.000Z,Олег Нестеров,@nesterov61,"Дорогие мои, важное сообщение. 11 июля состоится фестиваль в честь дня рождения Клуба Кожухова. Фестиваль не простой, а благотворительный. Вся прибыль — в Фонд Подари жизнь. Будем слушать музыку и стихи, танцевать и дегустировать кухню разных народов мира. И делать доброе дело.",1,2,2,386,новости,1,55,2022-07-29T23:14:13.088083Z,2022-07-30T02:52:23.609308Z,20.047
368,2019-08-05T03:15:20.000Z,Gazeta-bam.ru,@gazetaBAM,Сбербанк совместно с Visa утроят отчисления по картам в благотворительный фонд «Подари жизнь http://gazeta-bam.ru/sberbanknews/media/2019/8/5/sberbank-sovmestno-s-visa-utroyat-otchisleniya-po-kartam-v-blagotvoritelnyij-fond-podari-zhizn/…,0,0,0,369,новости,1,106,2022-07-29T23:25:16.222576Z,2022-07-30T02:50:49.548216Z,7.432
361,2019-08-16T15:20:00.000Z,Garik,@Garik39630353,"Я перевожу в фонд ""Подари жизнь""",0,0,6,362,позитивные упоминания,1,44,2022-07-29T23:11:53.897178Z,2022-07-30T02:50:45.367060Z,5.353999999999999
321,2019-12-24T08:55:02.000Z,Медиазона,@mediazzzona,"Мать Суровцева перечислила 15 тысяч рублей в фонд «Подари жизнь» в счет ущерба, нанесенного ее сыном https://zona.media/online/2019/12/24/surovcev-2#28362…",2,4,10,322,позитивные упоминания,1,37,2022-07-29T23:10:43.248186Z,2022-07-30T02:50:41.853922Z,12.953
290,2020-03-17T14:35:55.000Z,ВЕСТИ,@vesti_news," Отменен благотворительный показ фильма ""Зулейха открывает глаза"".

Телеканал @tvrussia1, фонд ""Подари жизнь"" и проект КАРО.Арт сообщают, что купившие билеты зрители могут их обменять на книгу автора или получить свои средства назад. Подробнее: https://vesti.ru/doc.html?id=3248811…",4,4,8,291,новости,1,40,2022-07-29T23:11:16.571992Z,2022-07-30T02:50:35.601396Z,18.267
252,2020-07-02T11:02:25.000Z,Фонд Подари жизнь,@podarizhizn,Фонд «Подари жизнь» внесли в реестр https://zen.me/2k9ZIO,0,0,0,253,негативные упоминания,1,87,2022-07-29T23:23:02.429409Z,2022-07-30T02:50:29.172460Z,13.75
224,2020-10-08T08:57:03.000Z,Annica,@AnnicaNIk,"Очень неприятно когда под фото с моим ребёнком просят помощи для какого-то больного малыша. Я максимально стараюсь избегать подобных вещей и тем, по возможности пересылаю деньги в фонд 'подари жизнь' и это мой максимум, моя психика не воспринимает нормально данную информацию.",0,0,5,225,позитивные упоминания,1,47,2022-07-29T23:12:33.424225Z,2022-07-30T02:50:22.481190Z,22.215
223,2020-10-12T14:45:56.000Z,E=mc^2,@Nastya666sti,"Спала я значит.
Звонок. Фонд подари жизнь. 
Девушка спросила когда в последний раз сдавала кровь; я говорю такая - сегодня, мне сказали огромное спасибо и пожелали восстанавливаться",0,0,2,224,позитивные упоминания,1,54,2022-07-29T23:13:57.192205Z,2022-07-30T02:50:14.781264Z,24.699
208,2020-11-26T12:16:21.000Z,Snob,@snob_project,"Благотворительный фонд «Подари жизнь» выпустил клип на песню Земфиры «Хочешь». «Получился манифест о детской силе, борьбе и победе», — отметила соучредитель фонда Чулпан Хаматова",1,0,9,209,новости,1,38,2022-07-29T23:10:54.768483Z,2022-07-30T02:50:07.386398Z,13.076
205,2020-12-03T11:35:52.000Z,Галина Сергеевна любит тебя,@GalinaS_Support,"Фонд ""Подари жизнь"" помогает людям до 25 с тяжёлыми заболеваниями, онкологией, болезнями крови

Среди прочего им можно перечислить мили Аэрофлота или баллы РЖД, чтобы оплатить ими дорогу до больницы или мед.центра, стать волонтером, помочь вещами",1,9,775,206,новости,1,29,2022-07-29T23:09:01.083089Z,2022-07-30T02:50:03.538661Z,17.3
139,2021-10-06T11:22:05.000Z,CFR,@ruchess_ru,"В Москве состоялся турнир Legal Chess 2021. Средства будут направлены в Фонд ""Подари жизнь"" https://ruchess.ru/news/all/v_moskve_sostoyalsya_turnir_legal_chess_2021/…
#Москва",0,0,0,140,позитивные упоминания,1,75,2022-07-29T23:21:39.406717Z,2022-07-30T02:49:56.918624Z,11.122
135,2021-10-15T10:49:08.000Z,maart,@arcteryx74,"Оплатил в метро проезд лицом, метрополитен перевёл в фонд «Подари жизнь» 2 миллиарда рублей.",0,4,10,136,негативные упоминания,1,36,2022-07-29T23:10:34.549045Z,2022-07-30T02:49:48.780174Z,13.038
134,2021-10-23T11:44:58.000Z, Парень Твоей Мечты,@vovo4ka,"ОБЪЯВЛЕНИЕ! День рожденческие поздравления принимаются в ДМ (нюдсы конечно, да). Деньги тоже принимаются, карты не будет, в фонд Подари жизнь. Люблю вас.",1,0,37,135,позитивные упоминания,1,31,2022-07-29T23:09:38.741392Z,2022-07-30T02:49:44.442269Z,17.846
130,2021-11-12T09:30:11.000Z,ForbesRussia,@ForbesRussia,"Фонд Константина Хабенского предлагает отдать корпоративный бюджет на новогодние подарки на благотворительность, «Подари жизнь» создал коллекцию цифровой одежды, а «Старость в радость» отмечает десятилетний юбилей — Forbes Life рассказывает о самых …
http://amp.gs/jYzlP",1,3,7,131,новости,1,42,2022-07-29T23:11:38.290601Z,2022-07-30T02:49:31.687658Z,17.805999999999997
105,2022-02-06T17:47:02.000Z,Мария,@1XqolOHrIqNIE0z,"У Хаматовой фонд ""Подари жизнь"" называется. Они, по-моему, преимущественно онкологией занимаются.",0,0,1,106,позитивные упоминания,1,74,2022-07-29T23:21:35.024628Z,2022-07-30T02:49:24.438000Z,9.449000000000002
99,2022-03-20T18:14:41.000Z,Штучка 2,@chum_chum_olo,Душераздирающее интервью Гордеевой! Последняя подстилка путинского режима опомнилась! Фонд ‘Подари жизнь’ - всё,0,0,3,100,негативные упоминания,1,50,2022-07-29T23:13:00.078598Z,2022-07-30T02:49:19.546585Z,10.103
69,2022-03-23T22:14:28.000Z,irinar бумеранг,@23kiskis,"А бумеранг никому еще не удалось отменить.

К вопросу об эмиграции Хаматовой в Латвию, в свою избушку. Началась проверка Фонда. Оказалось, что они тратили 8 млн. рублей в месяц себе на зарплату. Даже по западным меркам это преступление.
Фонд ""Подари жизнь"" Хаматовой и Корзун",2,5,6,70,негативные упоминания,1,98,2022-07-29T23:24:24.903251Z,2022-07-30T02:49:15.410067Z,15.269
53,2022-04-23T13:10:10.000Z,Никудашница,@kosmodenchik,"Непопулярное мнение : ненавижу фонд подари жизнь, потому что он всегда работал как пропаганда по телеку с больными детьми. Ну и да, сейчас от кризиса детей и людей в России умрет намнооого больше, чем спасли. Я ее ненавижу, но пусть переобувается, если поможет хуйлу свалить.",2,1,45,54,негативные упоминания,1,30,2022-07-29T23:09:30.975557Z,2022-07-30T02:49:11.540815Z,10.055
46,2022-04-24T08:24:46.000Z,Елена Алешина,@Aljeshina,"Послушала сейчас ролик с Чулпан. Обвинительный.
Как актрису ее знаю плохо, не москвичка, не театралка. Телевизор не смотрю. Знаю её по фонду ""Подари жизнь"". Из ролика по эзопову языку поняла ее посыл: делаю всё, чтобы фонд работал и спасал жизнь детям. Иду на сделку с совестью.",1,0,1,47,деятельность фонда,1,57,2022-07-29T23:14:58.850121Z,2022-07-30T02:49:07.134997Z,34.221000000000004
44,2022-04-24T12:27:24.000Z,Eduards Šlāpins,@eshlapins,"Что вы несете?  Фонд ""Подари Жизнь"" при живом Путине, это оксюморон! Собирали СМСками по копейке, когда бюджет и стабфонд ломился от бабла. Совести нет как раз у вас. И прекратите ее защищать, а  это уже софистика какая-то с вашей стороны...",1,1,16,45,негативные упоминания,1,80,2022-07-29T23:22:11.236375Z,2022-07-30T02:48:57.124909Z,8.965
31,2022-04-27T07:56:20.000Z,RusNext РусскаяВесна,@rusnextru,"https://rusnext.ru/news/1651044708489612?utm_source=social…
Дебиторская задолженность фонда «Подари жизнь», известного как фонд актрисы Чулпан Хаматовой, за 2021 год составила более одного миллиарда рублей. Об этом в своем telegram-канале сообщает российский журналист Эдвард Чесноков. #Россия #Коррупция #RusNext...",0,0,0,32,негативные упоминания,1,61,2022-07-29T23:18:52.145210Z,2022-07-30T02:48:53.654510Z,5.938
30,2022-04-27T08:45:54.000Z,Psych,Pathᶻᵛ,"Дебиторская задолженность фонда «Подари жизнь», известного как фонд актрисы Чулпан Хаматовой, за 2021 год составила более одного миллиарда рублей.",0,0,0,31,негативные упоминания,1,60,2022-07-29T23:18:39.492095Z,2022-07-30T02:48:50.537121Z,8.868
29,2022-04-27T12:02:23.000Z,Valentina Dimitrova,@diva5549,"Дебиторская задолженность фонда «Подари жизнь», известного как фонд актрисы Чулпан Хаматовой, за 2021 год составила более одного миллиарда рублей.",0,0,0,30,негативные упоминания,1,59,2022-07-29T23:18:31.824221Z,2022-07-30T02:48:48.013869Z,5.1080000000000005
28,2022-04-27T15:07:44.000Z,Furfuroll,@Furfuroll,"Дебиторская задолженность фонда «Подари жизнь», известного как фонд актрисы Чулпан Хаматовой, за 2021 год составила более одного миллиарда рублей.",0,0,0,29,негативные упоминания,1,58,2022-07-29T23:18:28.815206Z,2022-07-30T02:48:44.528231Z,8.177
27,2022-04-28T00:08:05.000Z,TIME S,@TIMES36596984,"Дебиторская задолженность фонда «Подари жизнь», известного как фонд актрисы Чулпан Хаматовой, за 2021 год составила более одного миллиарда рублей.",0,0,1,28,негативные упоминания,1,28,2022-07-29T23:08:08.476496Z,2022-07-30T02:48:38.830895Z,5.936
26,2022-04-28T06:42:44.000Z,Aleks TT܄,@aFlIngJi9KIlfve,"В фонде актрисы Чулпан Хаматовой пропал миллиард.Дебиторская задолженность фонда ""Подари жизнь"", известного как фонд актрисы Чулпан Хаматовой, за 2021 год составила более одного миллиарда рублей.С 2018 года задолженность организ..",0,0,0,27,негативные упоминания,1,27,2022-07-29T23:08:05.048550Z,2022-07-30T02:48:35.128957Z,4.91
25,2022-04-28T20:06:47.000Z,tole,@ld_tole,"Дебиторская задолженность фонда «Подари жизнь», известного как фонд актрисы Чулпан Хаматовой, за 2021 год составила более одного миллиарда рублей.",0,0,0,26,негативные упоминания,1,26,2022-07-29T23:08:01.710052Z,2022-07-30T02:48:32.020460Z,12.147
24,2022-04-28T20:08:28.000Z,tole,@ld_tole,"Сбежавшая в Латвию российская актриса Чулпан Хаматова множила свой капитал, прокручивая через банковские счета пожертвованные в фонд «Подари жизнь» деньги, вместо того чтобы тратить средства по назначению — на нужды больных детей.",0,0,0,25,негативные упоминания,1,25,2022-07-29T23:07:57.909234Z,2022-07-30T02:48:22.538025Z,11.545
23,2022-04-29T08:20:39.000Z,Alex Woolf,@Triksterr,"""Зулейха"" открывает муpло... 

Дебиторская задолженность фонда «Подари жизнь», известного как фонд актрисы Чулпан Хаматовой, за 2021 год составила более одного миллиарда рублей.",0,0,0,24,негативные упоминания,1,24,2022-07-29T23:07:49.487162Z,2022-07-30T02:48:17.252594Z,8.047
22,2022-04-29T16:38:28.000Z,Ридус,@RidusNews,"Фонд «Подари жизнь» не увидел проблемы в штрафах за ввоз одобренных ВОЗ лекарств
https://ridus.ru/news/379977?utm_source=twitter.com&utm_medium=social&utm_campaign=fond-podari-zhizn-ne-uvidel-problemy-v&utm_content=61340781…",0,0,0,23,деятельность фонда,1,23,2022-07-29T23:07:44.882488Z,2022-07-30T02:48:12.500265Z,17.775
21,2022-05-01T06:06:56.000Z,Елена Пшеничная 2,@d5SayyUAL0rLSBL,"В фонде актрисы Чулпан Хаматовой пропал миллиард.

Дебиторская задолженность фонда ""Подари жизнь"", известного как фонд актрисы Чулпан Хаматовой, за 2021 год составила более одного миллиарда рублей.
https://vk.com/feed?w=wall-127118757_455637…",2,18,24,22,негативные упоминания,1,22,2022-07-29T23:06:40.187263Z,2022-07-30T02:48:07.329840Z,13.66
20,2022-05-03T22:15:24.000Z,sadsn,@crtn_lll,пиздец я только сейчас узнала что «подари жизнь» которым столько прикрывали и прикрывают хаматову это даже не фонд хаматовой,0,0,0,21,негативные упоминания,1,21,2022-07-29T23:06:35.427422Z,2022-07-30T02:47:55.337174Z,11.509
19,2022-05-06T19:30:38.000Z,Мама Стифлeрa,@ds107m6p,"У всего есть финансовый след.

""Дебиторская задолженность фонда ""Подари жизнь"" (ранее известного как фонд Хаматовой) за последние годы демонстрирует прямо-таки аномальный рост более чем в 30 раз: с ₽31 миллиона в 2018 до ₽1,06 миллиарда в 2021"".

По-русски говоря, миллиард йок.",3,2,10,20,негативные упоминания,1,20,2022-07-29T23:06:28.232766Z,2022-07-30T02:47:47.740746Z,16.352
18,2022-05-09T12:05:31.000Z,I belong in Texas ,@tvt_nova,"Возможно, они сталкивались лишь с ее светлой стороной. Она много занималась благотворительностью (Подари Жизнь - это ее фонд)",0,0,0,19,позитивные упоминания,1,19,2022-07-29T23:06:17.158002Z,2022-07-30T02:47:39.935085Z,19.273
17,2022-05-24T09:20:47.000Z,Басанец Павел,@bassanets,"Дебиторская задолженность фонда «Подари жизнь», известного как фонд актрисы Чулпан Хаматовой, за 2021 год составила более одного миллиарда рублей. https://rubaltic.ru/news/26042022-v-fonde-aktrisy-chulpan-khamatovoy-obnaruzhilas-milliardnaya-zadolzhennost/…",0,0,3,18,негативные упоминания,1,18,2022-07-29T23:06:03.602553Z,2022-07-30T02:47:31.764518Z,6.368
16,2022-06-03T11:19:04.000Z,Афиша Daily,@afisha,14 художников превратили свои детские рисунки в коллекцию NFT — все вырученные средства от ее продажи будут направлены в благотворительный фонд «Подари жизнь». Купить работы можно будет на площадке Rarible.,0,0,0,17,новости,1,17,2022-07-29T23:05:59.131615Z,2022-07-30T02:47:27.438551Z,21.999000000000002
15,2022-06-07T21:56:11.000Z,Ivan Shukshin,@ishukshin,"Я знаю про фонд Ройзмана, про Предание, про Подари жизнь. А некоторые появляются — и хз, можно ли доверять.",0,0,1,16,позитивные упоминания,1,16,2022-07-29T23:05:44.363997Z,2022-07-30T02:47:17.918682Z,14.339
14,2022-06-08T12:45:06.000Z,Alexej Susak,@AlexejSusak,"Вы путаете, иностранный агент это когда ты получаешь деньги из-за границы, как например детский фонд «Подари Жизнь». А вот если ты деньги вывозишь, то ты красавчик.",0,0,0,15,негативные упоминания,1,15,2022-07-29T23:05:34.686310Z,2022-07-30T02:47:10.291919Z,9.344
13,2022-06-17T10:30:00.000Z,Верблюд в огне,@verbludvogne,"Фонд «Подари планете жизнь» проводит конкурс «Культурный код Иркутска» — авторы лучших работ на эту тему выиграют деньги. 

https://verbludvogne.ru/news/vozmozhnost-rasskazat-pro170622/…",0,0,0,14,новости,1,14,2022-07-29T23:05:27.144944Z,2022-07-30T02:47:06.113730Z,9.905
12,2022-06-20T12:40:12.000Z,Большой Город,@bg_ru,"Благотворительный фонд «Подари жизнь» запустит акцию «Шарим помощь». Фонд предлагает выпускникам пожертвовать деньги на лечение детей, которые страдают от онкологических заболеваний 

http://amp.gs/jBDUT",0,0,0,13,новости,1,13,2022-07-29T23:05:20.284096Z,2022-07-30T02:47:01.075959Z,16.311999999999998
11,2022-06-22T20:41:05.000Z,Артём Шалыгин,@lEizenl,"И забавно, что «фальшивая актриса» с домом в Латвии оставляет под видео ссылку на донат в фонд «Подари жизнь», а «настоящий патриот», вспоминающий о подвигах дедов и поддерживающий борьбу с укрофашистами, жалуется на отключение монетизации и просит задонатить ему лично ->",1,0,1,12,негативные упоминания,1,12,2022-07-29T23:05:07.043472Z,2022-07-30T02:46:55.632491Z,12.347999999999999
10,2022-06-29T16:09:37.000Z,jeonmins,@jeonmins1,"Шазовы, поддерживающие фонд «подари жизнь» >>> всё остальное",0,0,1,11,0,1,11,2022-07-29T23:05:00.864711Z,2022-07-30T02:46:47.017169Z,7.906000000000001
9,2022-06-29T16:15:46.000Z,ринария,@seamoras,она увидела новость и видео что шазовы приехали в фонд подари жизнь который помогает детям в борьбе с раком пересмотрела 3 раза и сидит в соплях наши парни такие хорошие у меня нет слов только слезы которые я глотаю прямо сейчас,0,0,15,10,позитивные упоминания,1,10,2022-07-29T23:04:55.511191Z,2022-07-30T02:46:42.276322Z,19.28
8,2022-06-29T16:32:44.000Z,а если я шорты надену?,@liiiz_____,"Антон и Дима поддерживающие фонд ""подари жизнь"">>>>>>>>",0,0,0,9,0,1,9,2022-07-29T23:04:40.767606Z,2022-07-30T02:46:32.342700Z,3.848
7,2022-06-29T16:38:34.000Z,мартовская аляска,@aalaskamarch,дима с антоном поддержавшие фонд «подари жизнь» спасли мое уебское настроение ,0,0,23,8,0,1,8,2022-07-29T23:04:21.760232Z,2022-07-30T02:46:28.893566Z,7.192
6,2022-06-29T16:44:40.000Z,•|звук из ниоткуда|•,@zvukizniotkuda,"антон и дима посетили фонд ""подари жизнь""..

ааа, это делает мне лучше",0,0,0,7,0,1,7,2022-07-29T23:04:15.722359Z,2022-07-30T02:46:25.359412Z,9.347000000000001
5,2022-06-29T18:14:57.000Z,Дарси | Сахарок,@Sorry_I_Fell,"Антон с Димой, которые приехали  в фонд ""подари жизнь"" просто >>>>>>>>>>>>",0,0,24,6,0,1,6,2022-07-29T23:04:07.522610Z,2022-07-30T02:46:18.327921Z,20.84
4,2022-07-01T18:44:57.000Z,"Wishmaster© Vendetta, ",– ,"Дебиторская задолженность фонда «Подари жизнь», известного как фонд актрисы Чулпан Хаматовой, за 2021 год составила более одного миллиарда рублей. Об этом в своем telegram-канале сообщает российский журналист Эдвард Чесноков.
https://t.me/chesnokmedia/8027…",0,1,3,5,негативные упоминания,1,5,2022-07-29T23:03:49.303945Z,2022-07-30T02:46:13.807003Z,13.876999999999999
3,2022-07-02T19:22:11.000Z,Dre1,@DremanerDre1,"Мих, ты не ""Лёняверим"", может кто-либо из твоих фолловеров?
https://mobile.twitter.com/DremanerDre1/status/1463069084829077505…

Давайте так, эквивалент суммы перечислить в благотворительный фонд: ""Спартак-детям"", ""Подари жизнь"" и тд.

А вы, пасаны @BillyBons78 @shuvach8 @SoyuzAppolon , готовьтесь перечислить ребятишкам.",0,0,0,4,позитивные упоминания,1,4,2022-07-29T23:03:40.947050Z,2022-07-30T02:46:05.527947Z,22.291
2,2022-07-04T05:47:11.000Z,ленаelena,@elena53166542,"У Хаматовой денег море. Она обокрал фонд Подари жизнь. Там начались проверки, недостача миллиард, Потому и сбежала. Но надо сказать, что денег нет.",2,0,1,3,негативные упоминания,1,3,2022-07-29T23:03:24.225649Z,2022-07-30T02:45:46.317104Z,19.174999999999997
1,2022-07-18T12:17:28.000Z,Серж,@eATOuWB6hfHqVpc,"Хаматова в свой фонд подари жизнь по 1млрд в год получала, по сто миллионов тратила на административку. ФБК получали по охулиарду. Че не так-то?))",0,0,4,2,негативные упоминания,1,2,2022-07-29T23:03:13.533026Z,2022-07-30T02:45:35.220649Z,12.114
0,2022-07-22T20:22:11.000Z,Светлана,@Svetlan99809534,"по оценке журнала «Forbes» Керимов стал третьим в рейтинге людей России, тративших деньги на благотворительность Фонд сотрудничает с благотворительными организациями Фонд «Подари Жизнь», Фонд Горчакова, Фонд Здоровье нации, и другие.",0,0,0,1,новости,1,1,2022-07-29T23:02:59.869907Z,2022-07-30T02:45:26.113627Z,45.338
